cnpj;data_abertura;situacao_fiscal;tipo;razao_social;porte;uf;capital_social;status;natureza_juridica;atividade_principal;atividade_secundaria_1;atividade_secundaria_2;atividade_secundaria_3;atividade_secundaria_4;atividade_secundaria_5;atividade_secundaria_6;atividade_secundaria_7;atividade_secundaria_8;atividade_secundaria_9;atividade_secundaria_10;atividade_secundaria_11;atividade_secundaria_12;atividade_secundaria_13;atividade_secundaria_14;atividade_secundaria_15;atividade_secundaria_16;atividade_secundaria_17;atividade_secundaria_18;atividade_secundaria_19;atividade_secundaria_20;atividade_secundaria_21;atividade_secundaria_22;atividade_secundaria_23;atividade_secundaria_24;atividade_secundaria_25;atividade_secundaria_26;atividade_secundaria_27;atividade_secundaria_28;atividade_secundaria_29;atividade_secundaria_30;atividade_secundaria_31;atividade_secundaria_32;atividade_secundaria_33;atividade_secundaria_34;atividade_secundaria_35;atividade_secundaria_36;atividade_secundaria_37;atividade_secundaria_38;atividade_secundaria_39;atividade_secundaria_40;atividade_secundaria_41;atividade_secundaria_42;atividade_secundaria_43;atividade_secundaria_44;atividade_secundaria_45;atividade_secundaria_46;atividade_secundaria_47;atividade_secundaria_48;atividade_secundaria_49;atividade_secundaria_50;atividade_secundaria_51;atividade_secundaria_52;atividade_secundaria_53;atividade_secundaria_54;atividade_secundaria_55;atividade_secundaria_56;atividade_secundaria_57;atividade_secundaria_58;atividade_secundaria_59;atividade_secundaria_60;atividade_secundaria_61;atividade_secundaria_62;atividade_secundaria_63;atividade_secundaria_64;atividade_secundaria_65;atividade_secundaria_66;atividade_secundaria_67;atividade_secundaria_68;atividade_secundaria_69;atividade_secundaria_70;atividade_secundaria_71;atividade_secundaria_72;atividade_secundaria_73;atividade_secundaria_74;atividade_secundaria_75;atividade_secundaria_76;atividade_secundaria_77;atividade_secundaria_78;atividade_secundaria_79;atividade_secundaria_80;atividade_secundaria_81;atividade_secundaria_82;atividade_secundaria_83;atividade_secundaria_84;atividade_secundaria_85;atividade_secundaria_86;atividade_secundaria_87;atividade_secundaria_88;atividade_secundaria_89;atividade_secundaria_90;atividade_secundaria_91;atividade_secundaria_92;atividade_secundaria_93;atividade_secundaria_94;atividade_secundaria_95;atividade_secundaria_96;atividade_secundaria_97;atividade_secundaria_98;atividade_secundaria_99
07.687.928/0001-35;11/11/2005;ATIVA;MATRIZ;WISH S.A.;DEMAIS;SP;734634785.00;OK;205-4 - Sociedade Anônima Fechada;55.10-8-01;56.11-2-03;56.11-2-01;96.01-7-01;68.22-6-00;70.20-4-00;47.53-9-00;47.54-7-01;47.63-6-02;47.81-4-00;47.72-5-00;47.59-8-99;47.89-0-01;78.10-8-00;85.99-6-04;79.90-2-00;82.19-9-99;82.30-0-01;82.30-0-02;93.11-5-00;93.19-1-01;90.01-9-01;90.01-9-02;90.01-9-03;90.01-9-04;90.01-9-99;93.29-8-99;74.20-0-04;43.30-4-02;64.63-8-00;;;;;;;;;;;;;;;;;;;;;;;;;;;;;;;;;;;;;;;;;;;;;;;;;;;;;;;;;;;;;;;;;;;;;;
13.642.131/0001-14;13/05/2011;ATIVA;MATRIZ;PARABONI MULTIFERRAMENTAS INDUSTRIA E COMERCIO LTDA;DEMAIS;RS;36000000.00;OK;206-2 - Sociedade Empresária Limitada;25.43-8-00;25.39-0-02;46.72-9-00;;;;;;;;;;;;;;;;;;;;;;;;;;;;;;;;;;;;;;;;;;;;;;;;;;;;;;;;;;;;;;;;;;;;;;;;;;;;;;;;;;;;;;;;;;;;;;;;;
02.233.732/0001-57;13/10/1976;ATIVA;MATRIZ;COOPERATIVA MISTA DOS PRODUTORES RURAIS DO VALE DO PARANAIBA LTDA;DEMAIS;GO;0.00;OK;214-3 - Cooperativa;01.61-0-99;01.61-0-01;01.61-0-03;01.62-8-99;10.91-1-02;10.99-6-99;45.30-7-03;45.30-7-05;46.11-7-00;46.14-1-00;46.23-1-01;46.23-1-09;46.61-3-00;46.83-4-00;47.11-3-02;47.21-1-02;47.22-9-01;47.24-5-00;47.29-6-99;47.32-6-00;47.44-0-01;47.44-0-03;47.44-0-05;47.44-0-99;47.51-2-01;47.53-9-00;47.63-6-04;47.71-7-04;47.72-5-00;47.81-4-00;47.89-0-04;47.89-0-05;56.11-2-03;64.24-7-04;74.90-1-03;75.00-1-00;;;;;;;;;;;;;;;;;;;;;;;;;;;;;;;;;;;;;;;;;;;;;;;;;;;;;;;;;;;;;;;;
07.687.928/0001-35;11/11/2005;ATIVA;MATRIZ;WISH S.A.;DEMAIS;SP;734634785.00;OK;205-4 - Sociedade Anônima Fechada;55.10-8-01;56.11-2-03;56.11-2-01;96.01-7-01;68.22-6-00;70.20-4-00;47.53-9-00;47.54-7-01;47.63-6-02;47.81-4-00;47.72-5-00;47.59-8-99;47.89-0-01;78.10-8-00;85.99-6-04;79.90-2-00;82.19-9-99;82.30-0-01;82.30-0-02;93.11-5-00;93.19-1-01;90.01-9-01;90.01-9-02;90.01-9-03;90.01-9-04;90.01-9-99;93.29-8-99;74.20-0-04;43.30-4-02;64.63-8-00;;;;;;;;;;;;;;;;;;;;;;;;;;;;;;;;;;;;;;;;;;;;;;;;;;;;;;;;;;;;;;;;;;;;;;
13.642.131/0001-14;13/05/2011;ATIVA;MATRIZ;PARABONI MULTIFERRAMENTAS INDUSTRIA E COMERCIO LTDA;DEMAIS;RS;36000000.00;OK;206-2 - Sociedade Empresária Limitada;25.43-8-00;25.39-0-02;46.72-9-00;;;;;;;;;;;;;;;;;;;;;;;;;;;;;;;;;;;;;;;;;;;;;;;;;;;;;;;;;;;;;;;;;;;;;;;;;;;;;;;;;;;;;;;;;;;;;;;;;
02.233.732/0001-57;13/10/1976;ATIVA;MATRIZ;COOPERATIVA MISTA DOS PRODUTORES RURAIS DO VALE DO PARANAIBA LTDA;DEMAIS;GO;0.00;OK;214-3 - Cooperativa;01.61-0-99;01.61-0-01;01.61-0-03;01.62-8-99;10.91-1-02;10.99-6-99;45.30-7-03;45.30-7-05;46.11-7-00;46.14-1-00;46.23-1-01;46.23-1-09;46.61-3-00;46.83-4-00;47.11-3-02;47.21-1-02;47.22-9-01;47.24-5-00;47.29-6-99;47.32-6-00;47.44-0-01;47.44-0-03;47.44-0-05;47.44-0-99;47.51-2-01;47.53-9-00;47.63-6-04;47.71-7-04;47.72-5-00;47.81-4-00;47.89-0-04;47.89-0-05;56.11-2-03;64.24-7-04;74.90-1-03;75.00-1-00;;;;;;;;;;;;;;;;;;;;;;;;;;;;;;;;;;;;;;;;;;;;;;;;;;;;;;;;;;;;;;;;
65.133.423/0001-25;28/01/1991;ATIVA;MATRIZ;GELICO GELATINAS INDUSTRIA & COMERCIO LTDA;DEMAIS;MG;2300000.00;OK;206-2 - Sociedade Empresária Limitada;20.29-1-00;10.99-6-02;49.30-2-02;;;;;;;;;;;;;;;;;;;;;;;;;;;;;;;;;;;;;;;;;;;;;;;;;;;;;;;;;;;;;;;;;;;;;;;;;;;;;;;;;;;;;;;;;;;;;;;;;
04.382.099/0001-94;19/02/1968;ATIVA;MATRIZ;TELEVISAO A CRITICA LIMITADA;DEMAIS;AM;7800000.00;OK;206-2 - Sociedade Empresária Limitada;60.21-7-00;00.00-0-00;;;;;;;;;;;;;;;;;;;;;;;;;;;;;;;;;;;;;;;;;;;;;;;;;;;;;;;;;;;;;;;;;;;;;;;;;;;;;;;;;;;;;;;;;;;;;;;;;;
09.398.303/0001-89;05/03/2008;ATIVA;MATRIZ;VENTTOS INDUSTRIA E COMERCIO DE COMPONENTES ELETRONICOS LTDA;DEMAIS;AM;1000000.00;OK;206-2 - Sociedade Empresária Limitada;26.10-8-00;26.21-3-00;26.22-1-00;26.31-1-00;26.32-9-00;26.40-0-00;26.80-9-00;27.33-3-00;27.59-7-01;27.90-2-99;28.24-1-01;28.24-1-02;29.45-0-00;46.49-4-01;46.49-4-02;46.49-4-99;46.52-4-00;46.63-0-00;47.51-2-01;47.53-9-00;95.12-6-00;95.21-5-00;;;;;;;;;;;;;;;;;;;;;;;;;;;;;;;;;;;;;;;;;;;;;;;;;;;;;;;;;;;;;;;;;;;;;;;;;;;;;;
03.890.623/0001-75;16/06/2000;ATIVA;MATRIZ;ECOWOOD INDUSTRIAL LTDA;DEMAIS;RS;1300000.00;OK;206-2 - Sociedade Empresária Limitada;22.29-3-99;22.29-3-02;28.66-6-00;31.03-9-00;38.32-7-00;43.30-4-05;;;;;;;;;;;;;;;;;;;;;;;;;;;;;;;;;;;;;;;;;;;;;;;;;;;;;;;;;;;;;;;;;;;;;;;;;;;;;;;;;;;;;;;;;;;;;;
22.804.199/0001-43;23/02/1988;ATIVA;MATRIZ;GELAO INDUSTRIA E COMERCIO DE GELO LTDA;MICRO EMPRESA;AM;100000.00;OK;206-2 - Sociedade Empresária Limitada;81.21-4-00;10.99-6-04;46.34-6-03;46.39-7-01;46.34-6-01;46.35-4-01;46.23-1-06;47.89-0-05;46.33-8-01;46.34-6-02;;;;;;;;;;;;;;;;;;;;;;;;;;;;;;;;;;;;;;;;;;;;;;;;;;;;;;;;;;;;;;;;;;;;;;;;;;;;;;;;;;;;;;;;;;
04.149.553/0001-61;23/10/2000;ATIVA;MATRIZ;PACK FORT INDUSTRIA E COMERCIO DE PLASTICOS LTDA;EMPRESA DE PEQUENO PORTE;SP;63000.00;OK;206-2 - Sociedade Empresária Limitada;22.29-3-02;38.32-7-00;;;;;;;;;;;;;;;;;;;;;;;;;;;;;;;;;;;;;;;;;;;;;;;;;;;;;;;;;;;;;;;;;;;;;;;;;;;;;;;;;;;;;;;;;;;;;;;;;;
48.071.872/0001-77;13/09/1976;ATIVA;MATRIZ;RESINPO INDUSTRIA E COMERCIO LTDA;DEMAIS;SP;308600.00;OK;206-2 - Sociedade Empresária Limitada;20.31-2-00;22.29-3-02;;;;;;;;;;;;;;;;;;;;;;;;;;;;;;;;;;;;;;;;;;;;;;;;;;;;;;;;;;;;;;;;;;;;;;;;;;;;;;;;;;;;;;;;;;;;;;;;;;
35.617.211/0001-52;26/11/2019;ATIVA;MATRIZ;D S DA AMAZONIA INDUSTRIA E COMERCIO DE PLASTICOS LTDA;DEMAIS;AM;1500000.00;OK;206-2 - Sociedade Empresária Limitada;22.22-6-00;20.31-2-00;22.29-3-02;46.84-2-01;46.86-9-02;;;;;;;;;;;;;;;;;;;;;;;;;;;;;;;;;;;;;;;;;;;;;;;;;;;;;;;;;;;;;;;;;;;;;;;;;;;;;;;;;;;;;;;;;;;;;;;
43.674.897/0001-41;13/08/2021;ATIVA;MATRIZ;CONDOMINIO EDIFICIO HELBOR WIDE SAO PAULO;DEMAIS;SP;0.00;OK;308-5 - Condomínio Edilício;81.12-5-00;00.00-0-00;;;;;;;;;;;;;;;;;;;;;;;;;;;;;;;;;;;;;;;;;;;;;;;;;;;;;;;;;;;;;;;;;;;;;;;;;;;;;;;;;;;;;;;;;;;;;;;;;;
43.371.723/0001-00;01/09/1972;ATIVA;MATRIZ;INSTITUICAO EDUCACIONAL PROFESSOR PASQUALE CASCINO;DEMAIS;SP;0.00;OK;399-9 - Associação Privada;85.32-5-00;85.20-1-00;85.41-4-00;85.42-2-00;85.93-7-00;;;;;;;;;;;;;;;;;;;;;;;;;;;;;;;;;;;;;;;;;;;;;;;;;;;;;;;;;;;;;;;;;;;;;;;;;;;;;;;;;;;;;;;;;;;;;;;
04.792.789/0001-11;09/08/2001;ATIVA;MATRIZ;ASTON INDUSTRIA E COMERCIO DE RESINAS TERMOPLASTICAS LTDA;DEMAIS;SP;100000.00;OK;206-2 - Sociedade Empresária Limitada;22.29-3-99;32.92-2-02;32.99-0-03;;;;;;;;;;;;;;;;;;;;;;;;;;;;;;;;;;;;;;;;;;;;;;;;;;;;;;;;;;;;;;;;;;;;;;;;;;;;;;;;;;;;;;;;;;;;;;;;;
03.571.805/0001-83;21/12/1999;ATIVA;MATRIZ;FLEX INDUSTRIA DE FIOS E CABOS ELETRICOS LTDA;DEMAIS;AM;1000000.00;OK;206-2 - Sociedade Empresária Limitada;27.33-3-00;00.00-0-00;;;;;;;;;;;;;;;;;;;;;;;;;;;;;;;;;;;;;;;;;;;;;;;;;;;;;;;;;;;;;;;;;;;;;;;;;;;;;;;;;;;;;;;;;;;;;;;;;;
46.090.999/0001-08;07/04/1969;ATIVA;MATRIZ;TENIS CLUBE DE CAMPINAS;DEMAIS;SP;0.00;OK;399-9 - Associação Privada;93.12-3-00;00.00-0-00;;;;;;;;;;;;;;;;;;;;;;;;;;;;;;;;;;;;;;;;;;;;;;;;;;;;;;;;;;;;;;;;;;;;;;;;;;;;;;;;;;;;;;;;;;;;;;;;;;
62.477.088/0001-94;11/12/1969;ATIVA;MATRIZ;XILOLITE S/A;DEMAIS;BA;38286252.60;OK;205-4 - Sociedade Anônima Fechada;08.99-1-99;08.91-6-00;20.13-4-02;46.93-1-00;09.90-4-03;64.63-8-00;20.19-3-99;10.66-0-00;46.87-7-02;;;;;;;;;;;;;;;;;;;;;;;;;;;;;;;;;;;;;;;;;;;;;;;;;;;;;;;;;;;;;;;;;;;;;;;;;;;;;;;;;;;;;;;;;;;
18.068.428/0001-31;07/05/2013;ATIVA;MATRIZ;AGF PORTAS E RODAPES LTDA;DEMAIS;SC;3000000.00;OK;206-2 - Sociedade Empresária Limitada;16.22-6-02;43.30-4-02;47.44-0-01;47.44-0-02;47.44-0-05;95.29-1-05;;;;;;;;;;;;;;;;;;;;;;;;;;;;;;;;;;;;;;;;;;;;;;;;;;;;;;;;;;;;;;;;;;;;;;;;;;;;;;;;;;;;;;;;;;;;;;
34.370.125/0001-25;30/07/2019;ATIVA;MATRIZ;SIG INDUSTRIA E COMERCIO LTDA;DEMAIS;SP;100000.00;OK;206-2 - Sociedade Empresária Limitada;27.33-3-00;46.73-7-00;46.87-7-03;47.42-3-00;;;;;;;;;;;;;;;;;;;;;;;;;;;;;;;;;;;;;;;;;;;;;;;;;;;;;;;;;;;;;;;;;;;;;;;;;;;;;;;;;;;;;;;;;;;;;;;;
04.895.339/0001-54;05/02/2002;ATIVA;MATRIZ;HOTEIS DESIGN S.A.;DEMAIS;BA;10658105.00;OK;205-4 - Sociedade Anônima Fechada;55.10-8-01;56.11-2-01;79.90-2-00;68.10-2-02;68.10-2-01;;;;;;;;;;;;;;;;;;;;;;;;;;;;;;;;;;;;;;;;;;;;;;;;;;;;;;;;;;;;;;;;;;;;;;;;;;;;;;;;;;;;;;;;;;;;;;;
20.695.156/0001-41;23/07/2014;ATIVA;MATRIZ;MOINHOS ESTRELA DO SUL LTDA.;DEMAIS;SP;4363000.00;OK;206-2 - Sociedade Empresária Limitada;23.99-1-99;46.89-3-01;71.19-7-02;49.30-2-02;;;;;;;;;;;;;;;;;;;;;;;;;;;;;;;;;;;;;;;;;;;;;;;;;;;;;;;;;;;;;;;;;;;;;;;;;;;;;;;;;;;;;;;;;;;;;;;;
33.251.000/0001-13;06/10/1970;ATIVA;MATRIZ;GRANJA AVICOLA DO XOKO LTDA;MICRO EMPRESA;RJ;166000.00;OK;206-2 - Sociedade Empresária Limitada;10.12-1-02;10.13-9-01;10.13-9-02;47.21-1-03;47.29-6-99;;;;;;;;;;;;;;;;;;;;;;;;;;;;;;;;;;;;;;;;;;;;;;;;;;;;;;;;;;;;;;;;;;;;;;;;;;;;;;;;;;;;;;;;;;;;;;;
07.683.694/0001-58;01/09/2005;ATIVA;MATRIZ;HOSPITAL ESPORTE E SAUDE LTDA.;MICRO EMPRESA;SP;1000000.00;OK;206-2 - Sociedade Empresária Limitada;86.10-1-01;86.22-4-00;86.30-5-01;86.30-5-04;86.30-5-99;86.40-2-02;86.40-2-03;86.40-2-04;86.40-2-06;86.40-2-07;86.40-2-08;86.40-2-09;86.40-2-10;86.40-2-12;86.40-2-13;86.40-2-99;;;;;;;;;;;;;;;;;;;;;;;;;;;;;;;;;;;;;;;;;;;;;;;;;;;;;;;;;;;;;;;;;;;;;;;;;;;;;;;;;;;;
11.210.407/0001-60;29/06/2009;ATIVA;MATRIZ;SERVCAMP INDUSTRIA E COMERCIO DE EMBALAGENS LTDA;EMPRESA DE PEQUENO PORTE;SP;72400.00;OK;206-2 - Sociedade Empresária Limitada;17.41-9-02;58.29-8-00;58.19-1-00;;;;;;;;;;;;;;;;;;;;;;;;;;;;;;;;;;;;;;;;;;;;;;;;;;;;;;;;;;;;;;;;;;;;;;;;;;;;;;;;;;;;;;;;;;;;;;;;;
05.287.789/0001-27;23/08/2002;ATIVA;MATRIZ;DIALP INDUSTRIA E COMERCIO DE AUTO PECAS LTDA;DEMAIS;SP;200000.00;OK;206-2 - Sociedade Empresária Limitada;29.49-2-99;27.40-6-01;27.40-6-02;28.29-1-99;28.69-1-00;33.14-7-99;46.49-4-06;46.73-7-00;47.42-3-00;47.54-7-03;77.39-0-99;;;;;;;;;;;;;;;;;;;;;;;;;;;;;;;;;;;;;;;;;;;;;;;;;;;;;;;;;;;;;;;;;;;;;;;;;;;;;;;;;;;;;;;;;
02.762.715/0001-07;25/09/1998;ATIVA;MATRIZ;GELO E CIA LTDA;MICRO EMPRESA;MG;0.00;OK;206-2 - Sociedade Empresária Limitada;47.29-6-99;10.99-6-04;;;;;;;;;;;;;;;;;;;;;;;;;;;;;;;;;;;;;;;;;;;;;;;;;;;;;;;;;;;;;;;;;;;;;;;;;;;;;;;;;;;;;;;;;;;;;;;;;;
74.147.810/0001-01;27/01/1994;ATIVA;MATRIZ;INDUSTRIA E COMERCIO DE GELO LUZITANIA LTDA;MICRO EMPRESA;RJ;16000.00;OK;206-2 - Sociedade Empresária Limitada;10.99-6-04;00.00-0-00;;;;;;;;;;;;;;;;;;;;;;;;;;;;;;;;;;;;;;;;;;;;;;;;;;;;;;;;;;;;;;;;;;;;;;;;;;;;;;;;;;;;;;;;;;;;;;;;;;
26.132.554/0002-17;15/10/2021;ATIVA;FILIAL;SOMAR COMERCIO DE ALIMENTOS LTDA;EMPRESA DE PEQUENO PORTE;MG;0.00;OK;206-2 - Sociedade Empresária Limitada;47.11-3-02;45.30-7-05;46.39-7-01;47.22-9-01;47.29-6-99;47.44-0-01;47.51-2-01;47.52-1-00;47.53-9-00;47.63-6-02;47.63-6-03;47.63-6-04;47.81-4-00;47.82-2-01;47.89-0-02;;;;;;;;;;;;;;;;;;;;;;;;;;;;;;;;;;;;;;;;;;;;;;;;;;;;;;;;;;;;;;;;;;;;;;;;;;;;;;;;;;;;;
06.257.367/0001-71;18/05/2004;ATIVA;MATRIZ;FENNIX BRASIL DISTRIBUIDORA DE PRODUTOS ALIMENTICIOS LTDA;DEMAIS;AM;4000000.00;OK;206-2 - Sociedade Empresária Limitada;46.39-7-01;46.91-5-00;46.31-1-00;46.32-0-02;46.37-1-01;46.37-1-02;46.37-1-03;46.37-1-05;46.37-1-99;46.46-0-02;46.49-4-08;46.49-4-99;47.12-1-00;47.21-1-03;47.29-6-99;47.72-5-00;47.89-0-05;46.17-6-00;46.32-0-03;82.92-0-00;;;;;;;;;;;;;;;;;;;;;;;;;;;;;;;;;;;;;;;;;;;;;;;;;;;;;;;;;;;;;;;;;;;;;;;;;;;;;;;;
29.231.613/0001-11;07/12/2017;ATIVA;MATRIZ;L'ARGENT ACADEMIA DE MUSCULACAO E AEROBICA LTDA.;DEMAIS;SP;3000.00;OK;206-2 - Sociedade Empresária Limitada;93.13-1-00;00.00-0-00;;;;;;;;;;;;;;;;;;;;;;;;;;;;;;;;;;;;;;;;;;;;;;;;;;;;;;;;;;;;;;;;;;;;;;;;;;;;;;;;;;;;;;;;;;;;;;;;;;
21.971.207/0001-83;03/03/2015;ATIVA;MATRIZ;LOR ACADEMIA DE MUSCULACAO E AEROBICA LTDA;DEMAIS;SP;3000.00;OK;206-2 - Sociedade Empresária Limitada;93.13-1-00;00.00-0-00;;;;;;;;;;;;;;;;;;;;;;;;;;;;;;;;;;;;;;;;;;;;;;;;;;;;;;;;;;;;;;;;;;;;;;;;;;;;;;;;;;;;;;;;;;;;;;;;;;
00.953.681/0001-02;11/12/1995;ATIVA;MATRIZ;INSTITUTO DO CORACAO RIO PRETO LTDA;DEMAIS;SP;468240.00;OK;206-2 - Sociedade Empresária Limitada;86.30-5-02;72.10-0-00;74.90-1-99;86.30-5-01;86.40-2-04;86.40-2-05;;;;;;;;;;;;;;;;;;;;;;;;;;;;;;;;;;;;;;;;;;;;;;;;;;;;;;;;;;;;;;;;;;;;;;;;;;;;;;;;;;;;;;;;;;;;;;
05.632.829/0001-20;25/09/2002;ATIVA;MATRIZ;GRAMADO MALL;DEMAIS;SP;0.00;OK;308-5 - Condomínio Edilício;81.12-5-00;00.00-0-00;;;;;;;;;;;;;;;;;;;;;;;;;;;;;;;;;;;;;;;;;;;;;;;;;;;;;;;;;;;;;;;;;;;;;;;;;;;;;;;;;;;;;;;;;;;;;;;;;;
30.323.122/0001-80;27/04/2018;ATIVA;MATRIZ;FETZ MINERADORA LTDA.;MICRO EMPRESA;GO;10817905.00;OK;206-2 - Sociedade Empresária Limitada;08.10-0-99;09.90-4-03;43.13-4-00;46.79-6-99;47.44-0-99;49.30-2-01;49.30-2-02;64.62-0-00;77.19-5-99;77.32-2-01;82.11-3-00;;;;;;;;;;;;;;;;;;;;;;;;;;;;;;;;;;;;;;;;;;;;;;;;;;;;;;;;;;;;;;;;;;;;;;;;;;;;;;;;;;;;;;;;;
19.902.684/0001-45;18/03/2014;ATIVA;MATRIZ;OMEGATAMP, INDUSTRIA E COMERCIO DE PRODUTOS PLASTICOS LTDA;DEMAIS;SC;600000.00;OK;206-2 - Sociedade Empresária Limitada;22.22-6-00;46.84-2-01;33.14-7-99;25.39-0-01;49.30-2-02;49.30-2-01;;;;;;;;;;;;;;;;;;;;;;;;;;;;;;;;;;;;;;;;;;;;;;;;;;;;;;;;;;;;;;;;;;;;;;;;;;;;;;;;;;;;;;;;;;;;;;
02.947.955/0005-00;07/04/2011;ATIVA;FILIAL;CENTRO CENTER ALIMENTOS LTDA;DEMAIS;SC;0.00;OK;206-2 - Sociedade Empresária Limitada;47.11-3-02;46.39-7-01;49.30-2-02;46.35-4-99;47.23-7-00;;;;;;;;;;;;;;;;;;;;;;;;;;;;;;;;;;;;;;;;;;;;;;;;;;;;;;;;;;;;;;;;;;;;;;;;;;;;;;;;;;;;;;;;;;;;;;;
01.486.546/0006-71;02/05/2013;ATIVA;FILIAL;CAFE BRASIL INDUSTRIA COMERCIO IMPORTACAO E EXPORTACAO S/A;DEMAIS;MG;83129050.00;OK;205-4 - Sociedade Anônima Fechada;20.13-4-02;07.29-4-05;20.13-4-01;20.51-7-00;46.83-4-00;46.89-3-99;47.89-0-05;71.20-1-00;72.10-0-00;82.99-7-99;;;;;;;;;;;;;;;;;;;;;;;;;;;;;;;;;;;;;;;;;;;;;;;;;;;;;;;;;;;;;;;;;;;;;;;;;;;;;;;;;;;;;;;;;;
03.522.858/0001-04;23/11/1999;ATIVA;MATRIZ;INDUSTRIA ORIENTAL LTDA;DEMAIS;SE;1670000.00;OK;206-2 - Sociedade Empresária Limitada;20.61-4-00;19.21-7-00;19.22-5-99;20.11-8-00;20.19-3-99;20.21-5-00;20.52-5-00;20.62-2-00;22.19-6-00;22.29-3-01;32.91-4-00;32.99-0-06;49.30-2-02;;;;;;;;;;;;;;;;;;;;;;;;;;;;;;;;;;;;;;;;;;;;;;;;;;;;;;;;;;;;;;;;;;;;;;;;;;;;;;;;;;;;;;;
58.138.058/0031-00;31/08/1995;ATIVA;FILIAL;EUDMARCO S.A. SERVICOS E COMERCIO INTERNACIONAL;DEMAIS;SP;0.00;OK;205-4 - Sociedade Anônima Fechada;52.11-7-01;52.50-8-02;;;;;;;;;;;;;;;;;;;;;;;;;;;;;;;;;;;;;;;;;;;;;;;;;;;;;;;;;;;;;;;;;;;;;;;;;;;;;;;;;;;;;;;;;;;;;;;;;;
27.771.504/0001-61;24/01/2017;ATIVA;MATRIZ;CONDOMINIO QUALITY HOUSE ANA COSTA;DEMAIS;SP;0.00;OK;308-5 - Condomínio Edilício;81.12-5-00;00.00-0-00;;;;;;;;;;;;;;;;;;;;;;;;;;;;;;;;;;;;;;;;;;;;;;;;;;;;;;;;;;;;;;;;;;;;;;;;;;;;;;;;;;;;;;;;;;;;;;;;;;
25.978.313/0001-40;02/08/1989;ATIVA;MATRIZ;SUPERMERCADO PIC LTDA;DEMAIS;MG;500000.00;OK;206-2 - Sociedade Empresária Limitada;47.11-3-02;10.91-1-02;45.30-7-05;46.39-7-01;47.21-1-02;47.22-9-01;47.24-5-00;47.29-6-99;47.44-0-01;47.51-2-01;47.52-1-00;47.53-9-00;47.55-5-02;47.55-5-03;47.61-0-03;47.63-6-02;47.63-6-03;47.63-6-04;47.81-4-00;47.82-2-01;47.89-0-01;47.89-0-02;56.11-2-03;;;;;;;;;;;;;;;;;;;;;;;;;;;;;;;;;;;;;;;;;;;;;;;;;;;;;;;;;;;;;;;;;;;;;;;;;;;;;
30.974.235/0001-45;19/07/2018;ATIVA;MATRIZ;COMERCIAL DE ALIMENTOS SUPERSAM LTDA;MICRO EMPRESA;GO;300000.00;OK;206-2 - Sociedade Empresária Limitada;47.11-3-02;47.21-1-02;47.22-9-01;47.24-5-00;47.61-0-03;47.81-4-00;47.84-9-00;56.11-2-01;56.11-2-03;;;;;;;;;;;;;;;;;;;;;;;;;;;;;;;;;;;;;;;;;;;;;;;;;;;;;;;;;;;;;;;;;;;;;;;;;;;;;;;;;;;;;;;;;;;
20.328.524/0001-13;27/05/2014;ATIVA;MATRIZ;AMAC EMPREENDIMENTOS E PARTICIPACOES LTDA;DEMAIS;SP;100000.00;OK;206-2 - Sociedade Empresária Limitada;68.10-2-01;68.10-2-02;64.63-8-00;;;;;;;;;;;;;;;;;;;;;;;;;;;;;;;;;;;;;;;;;;;;;;;;;;;;;;;;;;;;;;;;;;;;;;;;;;;;;;;;;;;;;;;;;;;;;;;;;
00.044.180/0001-03;05/07/1967;ATIVA;MATRIZ;CLUBE DO CONGRESSO;DEMAIS;DF;0.00;OK;399-9 - Associação Privada;93.29-8-99;00.00-0-00;;;;;;;;;;;;;;;;;;;;;;;;;;;;;;;;;;;;;;;;;;;;;;;;;;;;;;;;;;;;;;;;;;;;;;;;;;;;;;;;;;;;;;;;;;;;;;;;;;
31.255.062/0001-78;16/08/2018;ATIVA;MATRIZ;S.J.A ACADEMIA DE MUSCULACAO E AEROBICA LTDA.;DEMAIS;SP;3000.00;OK;206-2 - Sociedade Empresária Limitada;93.13-1-00;00.00-0-00;;;;;;;;;;;;;;;;;;;;;;;;;;;;;;;;;;;;;;;;;;;;;;;;;;;;;;;;;;;;;;;;;;;;;;;;;;;;;;;;;;;;;;;;;;;;;;;;;;
17.626.408/0001-76;21/02/2013;ATIVA;MATRIZ;WAGNER MARAIA CONFECCOES;MICRO EMPRESA;SP;30000.00;OK;213-5 - Empresário (Individual);14.21-5-00;14.12-6-01;14.12-6-03;;;;;;;;;;;;;;;;;;;;;;;;;;;;;;;;;;;;;;;;;;;;;;;;;;;;;;;;;;;;;;;;;;;;;;;;;;;;;;;;;;;;;;;;;;;;;;;;;
04.094.038/0001-21;16/10/2000;ATIVA;MATRIZ;SPORTEXTIL INDUSTRIAL LTDA;EMPRESA DE PEQUENO PORTE;SP;15000.00;OK;206-2 - Sociedade Empresária Limitada;13.30-8-00;00.00-0-00;;;;;;;;;;;;;;;;;;;;;;;;;;;;;;;;;;;;;;;;;;;;;;;;;;;;;;;;;;;;;;;;;;;;;;;;;;;;;;;;;;;;;;;;;;;;;;;;;;
07.376.573/0001-63;16/07/2004;ATIVA;MATRIZ;CONDOMINIO COMERCIAL DO PRADO;DEMAIS;SP;0.00;OK;308-5 - Condomínio Edilício;81.12-5-00;00.00-0-00;;;;;;;;;;;;;;;;;;;;;;;;;;;;;;;;;;;;;;;;;;;;;;;;;;;;;;;;;;;;;;;;;;;;;;;;;;;;;;;;;;;;;;;;;;;;;;;;;;
10.904.646/0001-57;11/05/2009;ATIVA;MATRIZ;FORTAL INDUSTRIA E COMERCIO S.A;DEMAIS;BA;225854761.52;OK;205-4 - Sociedade Anônima Fechada;20.32-1-00;70.20-4-00;46.83-4-00;46.84-2-99;20.73-8-00;20.99-1-99;64.63-8-00;46.12-5-00;46.19-2-00;;;;;;;;;;;;;;;;;;;;;;;;;;;;;;;;;;;;;;;;;;;;;;;;;;;;;;;;;;;;;;;;;;;;;;;;;;;;;;;;;;;;;;;;;;;
08.170.597/0001-24;26/06/2006;ATIVA;MATRIZ;SERRA DA CANTAREIRA AGUAS MINERAIS LTDA;EMPRESA DE PEQUENO PORTE;SP;50000.00;OK;206-2 - Sociedade Empresária Limitada;11.21-6-00;10.99-6-04;46.35-4-03;64.62-0-00;;;;;;;;;;;;;;;;;;;;;;;;;;;;;;;;;;;;;;;;;;;;;;;;;;;;;;;;;;;;;;;;;;;;;;;;;;;;;;;;;;;;;;;;;;;;;;;;
35.014.177/0001-21;27/09/2019;ATIVA;MATRIZ;FADILO DE ARAUJO LINS;EMPRESA DE PEQUENO PORTE;PA;200000.00;OK;213-5 - Empresário (Individual);47.11-3-02;47.12-1-00;47.23-7-00;47.44-0-99;47.53-9-00;47.72-5-00;47.81-4-00;;;;;;;;;;;;;;;;;;;;;;;;;;;;;;;;;;;;;;;;;;;;;;;;;;;;;;;;;;;;;;;;;;;;;;;;;;;;;;;;;;;;;;;;;;;;;
09.257.353/0001-46;20/03/1985;ATIVA;MATRIZ;CERAMICA SALEMA LTDA;MICRO EMPRESA;PB;0.00;OK;206-2 - Sociedade Empresária Limitada;23.42-7-02;00.00-0-00;;;;;;;;;;;;;;;;;;;;;;;;;;;;;;;;;;;;;;;;;;;;;;;;;;;;;;;;;;;;;;;;;;;;;;;;;;;;;;;;;;;;;;;;;;;;;;;;;;
01.585.511/0001-85;12/12/1996;ATIVA;MATRIZ;CERAMICA DRM LTDA;EMPRESA DE PEQUENO PORTE;PB;100000.00;OK;206-2 - Sociedade Empresária Limitada;23.42-7-02;00.00-0-00;;;;;;;;;;;;;;;;;;;;;;;;;;;;;;;;;;;;;;;;;;;;;;;;;;;;;;;;;;;;;;;;;;;;;;;;;;;;;;;;;;;;;;;;;;;;;;;;;;
03.754.909/0001-23;06/04/2000;ATIVA;MATRIZ;FRIGORIFICO SAO JOAO DEL REI LTDA;EMPRESA DE PEQUENO PORTE;MG;139400.00;OK;206-2 - Sociedade Empresária Limitada;10.13-9-01;10.11-2-01;10.11-2-05;10.12-1-03;10.12-1-04;10.99-6-99;46.34-6-01;47.22-9-01;;;;;;;;;;;;;;;;;;;;;;;;;;;;;;;;;;;;;;;;;;;;;;;;;;;;;;;;;;;;;;;;;;;;;;;;;;;;;;;;;;;;;;;;;;;;
24.042.913/0001-39;12/09/1988;ATIVA;MATRIZ;GRANSENA EXPORTACAO E COMERCIO LTDA;DEMAIS;MG;300000.00;OK;206-2 - Sociedade Empresária Limitada;08.10-0-02;01.51-2-01;02.10-1-01;08.10-0-03;09.90-4-03;23.91-5-02;23.91-5-03;46.79-6-02;46.89-3-01;77.40-3-00;;;;;;;;;;;;;;;;;;;;;;;;;;;;;;;;;;;;;;;;;;;;;;;;;;;;;;;;;;;;;;;;;;;;;;;;;;;;;;;;;;;;;;;;;;
12.238.478/0001-33;16/07/2010;ATIVA;MATRIZ;NEW CITY POINT COMERCIO DE ALIMENTOS LTDA;MICRO EMPRESA;AM;10000.00;OK;206-2 - Sociedade Empresária Limitada;56.11-2-03;56.11-2-04;;;;;;;;;;;;;;;;;;;;;;;;;;;;;;;;;;;;;;;;;;;;;;;;;;;;;;;;;;;;;;;;;;;;;;;;;;;;;;;;;;;;;;;;;;;;;;;;;;
08.574.054/0001-72;29/12/2006;ATIVA;MATRIZ;PAULA FRASSINETTI CORREA LIMA OMENA;MICRO EMPRESA;AM;10000.00;OK;213-5 - Empresário (Individual);56.20-1-01;46.33-8-01;46.34-6-01;46.34-6-02;46.37-1-99;46.39-7-01;46.39-7-02;49.30-2-01;53.20-2-02;;;;;;;;;;;;;;;;;;;;;;;;;;;;;;;;;;;;;;;;;;;;;;;;;;;;;;;;;;;;;;;;;;;;;;;;;;;;;;;;;;;;;;;;;;;
09.497.399/0001-32;31/03/2008;ATIVA;MATRIZ;AVIACAO EMPREENDIMENTOS COMERCIAIS LTDA;DEMAIS;SP;9774415.00;OK;206-2 - Sociedade Empresária Limitada;68.10-2-01;68.10-2-02;;;;;;;;;;;;;;;;;;;;;;;;;;;;;;;;;;;;;;;;;;;;;;;;;;;;;;;;;;;;;;;;;;;;;;;;;;;;;;;;;;;;;;;;;;;;;;;;;;
07.687.928/0006-40;07/08/2008;ATIVA;FILIAL;WISH S.A.;DEMAIS;RN;0.00;OK;205-4 - Sociedade Anônima Fechada;55.10-8-01;56.11-2-01;79.90-2-00;;;;;;;;;;;;;;;;;;;;;;;;;;;;;;;;;;;;;;;;;;;;;;;;;;;;;;;;;;;;;;;;;;;;;;;;;;;;;;;;;;;;;;;;;;;;;;;;;
18.301.267/0001-84;31/01/1975;ATIVA;MATRIZ;OBRAS SOCIAIS E EDUCACIONAIS DE LUZ;DEMAIS;SP;0.00;OK;399-9 - Associação Privada;85.31-7-00;00.00-0-00;;;;;;;;;;;;;;;;;;;;;;;;;;;;;;;;;;;;;;;;;;;;;;;;;;;;;;;;;;;;;;;;;;;;;;;;;;;;;;;;;;;;;;;;;;;;;;;;;;
09.402.590/0001-53;15/02/2008;ATIVA;MATRIZ;INDUSTRIA QUIMICA N. SRA. DA PIEDADE LTDA;EMPRESA DE PEQUENO PORTE;SE;5000000.00;OK;206-2 - Sociedade Empresária Limitada;20.62-2-00;20.61-4-00;20.63-1-00;22.21-8-00;22.22-6-00;22.29-3-01;22.29-3-02;22.29-3-03;22.29-3-99;32.91-4-00;32.99-0-06;46.46-0-02;46.49-4-08;46.49-4-09;46.91-5-00;49.30-2-02;49.30-2-03;;;;;;;;;;;;;;;;;;;;;;;;;;;;;;;;;;;;;;;;;;;;;;;;;;;;;;;;;;;;;;;;;;;;;;;;;;;;;;;;;;;
58.910.316/0008-77;04/12/2000;ATIVA;FILIAL;INDUSTRIAS DE PAPEL R RAMENZONI S/A;DEMAIS;SP;0.00;OK;205-4 - Sociedade Anônima Fechada;17.22-2-00;00.00-0-00;;;;;;;;;;;;;;;;;;;;;;;;;;;;;;;;;;;;;;;;;;;;;;;;;;;;;;;;;;;;;;;;;;;;;;;;;;;;;;;;;;;;;;;;;;;;;;;;;;
20.544.289/0001-17;24/03/2014;ATIVA;MATRIZ;CONDOMINIO THE BLUE OFFICEMALL;DEMAIS;SP;0.00;OK;308-5 - Condomínio Edilício;81.12-5-00;00.00-0-00;;;;;;;;;;;;;;;;;;;;;;;;;;;;;;;;;;;;;;;;;;;;;;;;;;;;;;;;;;;;;;;;;;;;;;;;;;;;;;;;;;;;;;;;;;;;;;;;;;
12.086.714/0001-43;08/06/2010;ATIVA;MATRIZ;AAMR - 09 EMPREENDIMENTO IMOBILIARIO LTDA;DEMAIS;SP;94192.00;OK;206-2 - Sociedade Empresária Limitada;41.10-7-00;68.10-2-01;68.10-2-02;43.99-1-01;;;;;;;;;;;;;;;;;;;;;;;;;;;;;;;;;;;;;;;;;;;;;;;;;;;;;;;;;;;;;;;;;;;;;;;;;;;;;;;;;;;;;;;;;;;;;;;;
04.950.548/0001-53;17/01/2002;ATIVA;MATRIZ;CONDOMINIO MILLENNIUM OFFICE PARK;DEMAIS;SP;0.00;OK;308-5 - Condomínio Edilício;81.12-5-00;00.00-0-00;;;;;;;;;;;;;;;;;;;;;;;;;;;;;;;;;;;;;;;;;;;;;;;;;;;;;;;;;;;;;;;;;;;;;;;;;;;;;;;;;;;;;;;;;;;;;;;;;;
05.737.391/0001-45;02/01/2003;ATIVA;MATRIZ;EDIFICIO NEW CENTURY;DEMAIS;SP;0.00;OK;308-5 - Condomínio Edilício;81.12-5-00;00.00-0-00;;;;;;;;;;;;;;;;;;;;;;;;;;;;;;;;;;;;;;;;;;;;;;;;;;;;;;;;;;;;;;;;;;;;;;;;;;;;;;;;;;;;;;;;;;;;;;;;;;
14.531.878/0001-68;19/07/2011;ATIVA;MATRIZ;FUNDICAO BRAWO LTDA;EMPRESA DE PEQUENO PORTE;SP;88000.00;OK;206-2 - Sociedade Empresária Limitada;25.39-0-01;24.51-2-00;;;;;;;;;;;;;;;;;;;;;;;;;;;;;;;;;;;;;;;;;;;;;;;;;;;;;;;;;;;;;;;;;;;;;;;;;;;;;;;;;;;;;;;;;;;;;;;;;;
09.558.051/0001-08;15/05/2007;ATIVA;MATRIZ;CONDOMINIO EDIFICIO SANTA CATARINA;DEMAIS;SP;0.00;OK;308-5 - Condomínio Edilício;81.12-5-00;00.00-0-00;;;;;;;;;;;;;;;;;;;;;;;;;;;;;;;;;;;;;;;;;;;;;;;;;;;;;;;;;;;;;;;;;;;;;;;;;;;;;;;;;;;;;;;;;;;;;;;;;;
57.109.241/0001-90;17/02/1987;ATIVA;MATRIZ;MEGH INDUSTRIA E COMERCIO LTDA;DEMAIS;SP;196200.00;OK;206-2 - Sociedade Empresária Limitada;20.99-1-99;82.11-3-00;;;;;;;;;;;;;;;;;;;;;;;;;;;;;;;;;;;;;;;;;;;;;;;;;;;;;;;;;;;;;;;;;;;;;;;;;;;;;;;;;;;;;;;;;;;;;;;;;;
10.561.644/0001-02;04/12/2008;ATIVA;MATRIZ;OURO PRETO TECNOLOGIA EM BORRACHA LTDA;EMPRESA DE PEQUENO PORTE;SP;50000.00;OK;206-2 - Sociedade Empresária Limitada;22.19-6-00;38.39-4-99;46.73-7-00;46.89-3-99;47.42-3-00;;;;;;;;;;;;;;;;;;;;;;;;;;;;;;;;;;;;;;;;;;;;;;;;;;;;;;;;;;;;;;;;;;;;;;;;;;;;;;;;;;;;;;;;;;;;;;;
00.614.821/0001-18;16/05/1995;ATIVA;MATRIZ;CHELKEM INDUSTRIA E COMERCIO DE ALIMENTOS LTDA;DEMAIS;PR;1500000.00;OK;206-2 - Sociedade Empresária Limitada;10.92-9-00;00.00-0-00;;;;;;;;;;;;;;;;;;;;;;;;;;;;;;;;;;;;;;;;;;;;;;;;;;;;;;;;;;;;;;;;;;;;;;;;;;;;;;;;;;;;;;;;;;;;;;;;;;
07.172.979/0001-24;02/07/2004;ATIVA;MATRIZ;CONDOMINIO EDIFICIO MARIA CECILIA LARA CAMPOS;DEMAIS;SP;0.00;OK;308-5 - Condomínio Edilício;81.12-5-00;00.00-0-00;;;;;;;;;;;;;;;;;;;;;;;;;;;;;;;;;;;;;;;;;;;;;;;;;;;;;;;;;;;;;;;;;;;;;;;;;;;;;;;;;;;;;;;;;;;;;;;;;;
03.575.135/0001-73;21/12/1999;ATIVA;MATRIZ;CERAMICA BUENOS AIRES LTDA;EMPRESA DE PEQUENO PORTE;PE;30000.00;OK;206-2 - Sociedade Empresária Limitada;23.42-7-02;23.49-4-99;;;;;;;;;;;;;;;;;;;;;;;;;;;;;;;;;;;;;;;;;;;;;;;;;;;;;;;;;;;;;;;;;;;;;;;;;;;;;;;;;;;;;;;;;;;;;;;;;;
01.605.234/0001-25;18/12/1996;ATIVA;MATRIZ;KEMIN NUTRISURANCE NUTRICAO ANIMAL LTDA;DEMAIS;SC;143251052.26;OK;206-2 - Sociedade Empresária Limitada;10.66-0-00;01.41-5-01;10.99-6-99;20.93-2-00;46.17-6-00;46.18-4-01;46.18-4-99;46.23-1-06;46.37-1-99;46.61-3-00;46.83-4-00;46.89-3-99;47.89-0-99;52.11-7-99;64.62-0-00;64.63-8-00;71.20-1-00;74.90-1-04;;;;;;;;;;;;;;;;;;;;;;;;;;;;;;;;;;;;;;;;;;;;;;;;;;;;;;;;;;;;;;;;;;;;;;;;;;;;;;;;;;
08.099.759/0001-85;19/06/2006;ATIVA;MATRIZ;FRIGORIFICO E DISTRIBUIDORA DE CARNES MAGIA LTDA;DEMAIS;SC;100000.00;OK;206-2 - Sociedade Empresária Limitada;10.11-2-01;49.30-2-02;46.23-1-02;10.11-2-03;10.12-1-03;10.13-9-01;10.13-9-02;;;;;;;;;;;;;;;;;;;;;;;;;;;;;;;;;;;;;;;;;;;;;;;;;;;;;;;;;;;;;;;;;;;;;;;;;;;;;;;;;;;;;;;;;;;;;
68.783.208/0001-68;18/01/1993;ATIVA;MATRIZ;IZAPLAST INDUSTRIA E COMERCIO DE PLASTICOS LTDA;DEMAIS;SC;63000.00;OK;206-2 - Sociedade Empresária Limitada;22.22-6-00;46.87-7-02;13.40-5-99;49.30-2-02;;;;;;;;;;;;;;;;;;;;;;;;;;;;;;;;;;;;;;;;;;;;;;;;;;;;;;;;;;;;;;;;;;;;;;;;;;;;;;;;;;;;;;;;;;;;;;;;
11.045.403/0001-73;13/08/2009;ATIVA;MATRIZ;CMR CONDUTORES ELETRICOS LTDA;EMPRESA DE PEQUENO PORTE;MG;730000.00;OK;206-2 - Sociedade Empresária Limitada;27.33-3-00;46.73-7-00;49.30-2-02;;;;;;;;;;;;;;;;;;;;;;;;;;;;;;;;;;;;;;;;;;;;;;;;;;;;;;;;;;;;;;;;;;;;;;;;;;;;;;;;;;;;;;;;;;;;;;;;;
06.265.818/0001-12;12/05/2004;ATIVA;MATRIZ;TECNOGRAV - SERVICOS DE GRAVACAO ELETROMECANICA LTDA;DEMAIS;SP;700000.00;OK;206-2 - Sociedade Empresária Limitada;18.21-1-00;25.39-0-02;33.14-7-10;33.14-7-99;46.63-0-00;46.69-9-99;47.89-0-99;;;;;;;;;;;;;;;;;;;;;;;;;;;;;;;;;;;;;;;;;;;;;;;;;;;;;;;;;;;;;;;;;;;;;;;;;;;;;;;;;;;;;;;;;;;;;
09.581.561/0001-04;19/05/2008;ATIVA;MATRIZ;ALA COMERCIO DE ALIMENTOS LTDA;EMPRESA DE PEQUENO PORTE;SC;600000.00;OK;206-2 - Sociedade Empresária Limitada;47.11-3-02;10.91-1-02;45.30-7-03;46.18-4-99;47.13-0-02;47.22-9-01;47.23-7-00;47.24-5-00;47.29-6-99;47.44-0-01;47.51-2-01;47.53-9-00;47.55-5-01;47.59-8-99;47.61-0-03;47.63-6-01;47.72-5-00;47.81-4-00;47.89-0-01;47.89-0-02;47.89-0-04;47.89-0-05;56.11-2-03;56.20-1-04;;;;;;;;;;;;;;;;;;;;;;;;;;;;;;;;;;;;;;;;;;;;;;;;;;;;;;;;;;;;;;;;;;;;;;;;;;;;
60.967.551/0001-50;19/01/1950;ATIVA;MATRIZ;INSTITUTO PRESBITERIANO MACKENZIE;DEMAIS;SP;0.00;OK;399-9 - Associação Privada;85.32-5-00;85.12-1-00;85.13-9-00;85.20-1-00;85.41-4-00;85.99-6-99;86.60-7-00;71.20-1-00;72.10-0-00;72.20-7-00;;;;;;;;;;;;;;;;;;;;;;;;;;;;;;;;;;;;;;;;;;;;;;;;;;;;;;;;;;;;;;;;;;;;;;;;;;;;;;;;;;;;;;;;;;
04.821.041/0001-08;19/12/2001;ATIVA;MATRIZ;METALFRIO SOLUTIONS S.A.;DEMAIS;SP;244038820.53;OK;204-6 - Sociedade Anônima Aberta;27.51-1-00;28.23-2-00;33.14-7-07;46.65-6-00;52.11-7-01;;;;;;;;;;;;;;;;;;;;;;;;;;;;;;;;;;;;;;;;;;;;;;;;;;;;;;;;;;;;;;;;;;;;;;;;;;;;;;;;;;;;;;;;;;;;;;;
02.661.226/0001-69;28/07/1998;ATIVA;MATRIZ;INDUSTRIA E COMERCIO DE BEBIDAS PINHEIRENSE LTDA.;DEMAIS;SC;2700000.00;OK;206-2 - Sociedade Empresária Limitada;11.12-7-00;46.35-4-99;46.86-9-02;46.93-1-00;46.87-7-02;47.23-7-00;11.22-4-04;11.11-9-02;11.22-4-99;73.12-2-00;;;;;;;;;;;;;;;;;;;;;;;;;;;;;;;;;;;;;;;;;;;;;;;;;;;;;;;;;;;;;;;;;;;;;;;;;;;;;;;;;;;;;;;;;;
86.552.676/0001-03;05/02/1969;ATIVA;MATRIZ;VINHOS RANDON LTDA;DEMAIS;SC;1200000.00;OK;206-2 - Sociedade Empresária Limitada;11.12-7-00;46.89-3-99;47.23-7-00;47.24-5-00;47.21-1-03;47.89-0-01;22.22-6-00;11.11-9-02;11.22-4-99;10.33-3-01;10.33-3-02;49.30-2-02;49.30-2-01;;;;;;;;;;;;;;;;;;;;;;;;;;;;;;;;;;;;;;;;;;;;;;;;;;;;;;;;;;;;;;;;;;;;;;;;;;;;;;;;;;;;;;;
02.677.921/0001-19;17/08/1998;ATIVA;MATRIZ;RIBEIRO BASTOS INDUSTRIA SERVICOS E COMERCIO DE VIDROS LTDA;DEMAIS;DF;100000.00;OK;206-2 - Sociedade Empresária Limitada;23.11-7-00;43.30-4-99;46.79-6-03;47.43-1-00;68.10-2-02;;;;;;;;;;;;;;;;;;;;;;;;;;;;;;;;;;;;;;;;;;;;;;;;;;;;;;;;;;;;;;;;;;;;;;;;;;;;;;;;;;;;;;;;;;;;;;;
05.390.104/0001-73;08/11/2002;ATIVA;MATRIZ;CLAUDEMIR MARIOTTO;MICRO EMPRESA;PR;0.00;OK;213-5 - Empresário (Individual);47.29-6-99;00.00-0-00;;;;;;;;;;;;;;;;;;;;;;;;;;;;;;;;;;;;;;;;;;;;;;;;;;;;;;;;;;;;;;;;;;;;;;;;;;;;;;;;;;;;;;;;;;;;;;;;;;
07.361.418/0001-73;03/05/2005;ATIVA;MATRIZ;ECOFIT ACADEMIA LTDA.;DEMAIS;SP;0.00;OK;206-2 - Sociedade Empresária Limitada;93.13-1-00;77.40-3-00;68.21-8-02;;;;;;;;;;;;;;;;;;;;;;;;;;;;;;;;;;;;;;;;;;;;;;;;;;;;;;;;;;;;;;;;;;;;;;;;;;;;;;;;;;;;;;;;;;;;;;;;;
85.219.921/0001-00;27/12/1991;BAIXADA;MATRIZ;ENGARRAFAMENTO DE BEBIDAS M.J. LTDA;EMPRESA DE PEQUENO PORTE;SC;70000.00;OK;206-2 - Sociedade Empresária Limitada;00.00-0-00;00.00-0-00;;;;;;;;;;;;;;;;;;;;;;;;;;;;;;;;;;;;;;;;;;;;;;;;;;;;;;;;;;;;;;;;;;;;;;;;;;;;;;;;;;;;;;;;;;;;;;;;;;
05.648.257/0001-78;08/05/2003;ATIVA;MATRIZ;BRASIL EDUCACAO S/A;DEMAIS;MG;304765104.00;OK;205-4 - Sociedade Anônima Fechada;85.32-5-00;00.00-0-00;;;;;;;;;;;;;;;;;;;;;;;;;;;;;;;;;;;;;;;;;;;;;;;;;;;;;;;;;;;;;;;;;;;;;;;;;;;;;;;;;;;;;;;;;;;;;;;;;;
05.466.100/0001-21;07/01/2003;ATIVA;MATRIZ;BALDINI ALIMENTOS S/A;DEMAIS;MG;1020000.00;OK;205-4 - Sociedade Anônima Fechada;10.91-1-01;00.00-0-00;;;;;;;;;;;;;;;;;;;;;;;;;;;;;;;;;;;;;;;;;;;;;;;;;;;;;;;;;;;;;;;;;;;;;;;;;;;;;;;;;;;;;;;;;;;;;;;;;;
08.877.262/0001-40;09/04/2007;ATIVA;MATRIZ;SAGRA - INDUSTRIA E COMERCIO DE PRODUTOS ALIMENTICIOS LTDA.;MICRO EMPRESA;SP;100000.00;OK;206-2 - Sociedade Empresária Limitada;10.92-9-00;00.00-0-00;;;;;;;;;;;;;;;;;;;;;;;;;;;;;;;;;;;;;;;;;;;;;;;;;;;;;;;;;;;;;;;;;;;;;;;;;;;;;;;;;;;;;;;;;;;;;;;;;;
15.110.291/0001-48;24/02/2012;ATIVA;MATRIZ;PLASTLONDRI ARTEFATOS PLASTICOS LTDA;MICRO EMPRESA;PR;400000.00;OK;206-2 - Sociedade Empresária Limitada;22.29-3-03;22.29-3-01;22.29-3-02;49.30-2-02;;;;;;;;;;;;;;;;;;;;;;;;;;;;;;;;;;;;;;;;;;;;;;;;;;;;;;;;;;;;;;;;;;;;;;;;;;;;;;;;;;;;;;;;;;;;;;;;
12.100.110/0001-04;11/05/2010;ATIVA;MATRIZ;FRITOP INDUSTRIA E COMERCIO DE ALIMENTOS LTDA;DEMAIS;SP;100000.00;OK;206-2 - Sociedade Empresária Limitada;10.99-6-99;00.00-0-00;;;;;;;;;;;;;;;;;;;;;;;;;;;;;;;;;;;;;;;;;;;;;;;;;;;;;;;;;;;;;;;;;;;;;;;;;;;;;;;;;;;;;;;;;;;;;;;;;;
11.734.333/0001-60;24/03/2010;ATIVA;MATRIZ;KM-KALIUM MINERACAO S/A;DEMAIS;MG;52436135.58;OK;205-4 - Sociedade Anônima Fechada;20.13-4-02;08.91-6-00;20.19-3-99;46.84-2-99;;;;;;;;;;;;;;;;;;;;;;;;;;;;;;;;;;;;;;;;;;;;;;;;;;;;;;;;;;;;;;;;;;;;;;;;;;;;;;;;;;;;;;;;;;;;;;;;
09.655.998/0001-37;05/06/2008;ATIVA;MATRIZ;METALSAF INDUSTRIA E COMERCIO LTDA;DEMAIS;MG;400000.00;OK;206-2 - Sociedade Empresária Limitada;24.52-1-00;24.49-1-99;25.31-4-02;26.51-5-00;28.13-5-00;33.12-1-02;46.69-9-99;46.72-9-00;;;;;;;;;;;;;;;;;;;;;;;;;;;;;;;;;;;;;;;;;;;;;;;;;;;;;;;;;;;;;;;;;;;;;;;;;;;;;;;;;;;;;;;;;;;;
22.161.042/0001-47;31/03/2015;ATIVA;MATRIZ;INEAR INDUSTRIA DE ENERGIA ALTERNATIVA RENOVAVEL LTDA;DEMAIS;MG;80000.00;OK;206-2 - Sociedade Empresária Limitada;38.39-4-99;46.81-8-03;49.30-2-01;49.30-2-02;77.19-5-99;;;;;;;;;;;;;;;;;;;;;;;;;;;;;;;;;;;;;;;;;;;;;;;;;;;;;;;;;;;;;;;;;;;;;;;;;;;;;;;;;;;;;;;;;;;;;;;
02.131.538/0001-60;28/08/1997;ATIVA;MATRIZ;TV OMEGA LTDA.;DEMAIS;SP;26294000.00;OK;206-2 - Sociedade Empresária Limitada;60.21-7-00;63.11-9-00;;;;;;;;;;;;;;;;;;;;;;;;;;;;;;;;;;;;;;;;;;;;;;;;;;;;;;;;;;;;;;;;;;;;;;;;;;;;;;;;;;;;;;;;;;;;;;;;;;
32.527.626/0001-47;09/01/2019;ATIVA;MATRIZ;NEWPORT LOGISTICA FUNDO DE INVESTIMENTO IMOBILIARIO;DEMAIS;RJ;0.00;OK;222-4 - Clube/Fundo de Investimento;64.70-1-03;00.00-0-00;;;;;;;;;;;;;;;;;;;;;;;;;;;;;;;;;;;;;;;;;;;;;;;;;;;;;;;;;;;;;;;;;;;;;;;;;;;;;;;;;;;;;;;;;;;;;;;;;;
80.391.956/0001-09;20/01/1988;ATIVA;MATRIZ;MGS INDUSTRIA E COMERCIO DE PLASTICOS LTDA;DEMAIS;PR;1800000.00;OK;206-2 - Sociedade Empresária Limitada;22.29-3-02;46.84-2-01;46.19-2-00;;;;;;;;;;;;;;;;;;;;;;;;;;;;;;;;;;;;;;;;;;;;;;;;;;;;;;;;;;;;;;;;;;;;;;;;;;;;;;;;;;;;;;;;;;;;;;;;;
39.934.776/0001-14;27/11/2020;ATIVA;MATRIZ;EXTRUSA-PACK INDUSTRIA DE EMBALAGEM DA AMAZONIA LTDA;DEMAIS;AM;800000.00;OK;206-2 - Sociedade Empresária Limitada;22.22-6-00;22.21-8-00;22.29-3-02;46.86-9-02;;;;;;;;;;;;;;;;;;;;;;;;;;;;;;;;;;;;;;;;;;;;;;;;;;;;;;;;;;;;;;;;;;;;;;;;;;;;;;;;;;;;;;;;;;;;;;;;
03.439.223/0001-48;29/09/1999;ATIVA;MATRIZ;NT INDUSTRIA E COMERCIO DE PANIFICACAO LTDA;EMPRESA DE PEQUENO PORTE;AM;500000.00;OK;206-2 - Sociedade Empresária Limitada;10.91-1-01;47.12-1-00;47.21-1-03;47.21-1-04;47.23-7-00;46.91-5-00;10.91-1-02;10.92-9-00;47.21-1-02;;;;;;;;;;;;;;;;;;;;;;;;;;;;;;;;;;;;;;;;;;;;;;;;;;;;;;;;;;;;;;;;;;;;;;;;;;;;;;;;;;;;;;;;;;;
09.360.759/0001-50;17/12/2007;ATIVA;MATRIZ;METALURGICA VEGA LTDA;EMPRESA DE PEQUENO PORTE;MG;40000.00;OK;206-2 - Sociedade Empresária Limitada;24.51-2-00;16.29-3-01;24.52-1-00;25.39-0-01;25.39-0-02;25.43-8-00;38.31-9-01;38.31-9-99;45.30-7-01;46.62-1-00;46.63-0-00;46.69-9-99;46.79-6-04;46.85-1-00;46.87-7-03;47.44-0-02;68.10-2-02;;;;;;;;;;;;;;;;;;;;;;;;;;;;;;;;;;;;;;;;;;;;;;;;;;;;;;;;;;;;;;;;;;;;;;;;;;;;;;;;;;;
18.721.391/0001-07;05/08/2013;ATIVA;MATRIZ;CONDOMINIO DO SHOPPING LAJEADO;DEMAIS;RS;0.00;OK;308-5 - Condomínio Edilício;81.12-5-00;00.00-0-00;;;;;;;;;;;;;;;;;;;;;;;;;;;;;;;;;;;;;;;;;;;;;;;;;;;;;;;;;;;;;;;;;;;;;;;;;;;;;;;;;;;;;;;;;;;;;;;;;;
21.021.204/0001-89;11/09/2014;ATIVA;MATRIZ;PAULO H. FERREIRA;MICRO EMPRESA;MG;98000.00;OK;213-5 - Empresário (Individual);24.41-5-02;25.99-3-99;;;;;;;;;;;;;;;;;;;;;;;;;;;;;;;;;;;;;;;;;;;;;;;;;;;;;;;;;;;;;;;;;;;;;;;;;;;;;;;;;;;;;;;;;;;;;;;;;;
47.064.738/0001-86;04/07/1966;ATIVA;MATRIZ;SAO DOMINGOS S.A. INDUSTRIA GRAFICA;DEMAIS;SP;30841938.99;OK;205-4 - Sociedade Anônima Fechada;58.29-8-00;17.41-9-02;18.13-0-99;46.47-8-01;46.47-8-02;47.61-0-03;58.11-5-00;58.12-3-01;58.12-3-02;;;;;;;;;;;;;;;;;;;;;;;;;;;;;;;;;;;;;;;;;;;;;;;;;;;;;;;;;;;;;;;;;;;;;;;;;;;;;;;;;;;;;;;;;;;
06.789.993/0001-09;20/07/2004;ATIVA;MATRIZ;BALLAGRO AGRO TECNOLOGIA LTDA;DEMAIS;SP;15000000.00;OK;206-2 - Sociedade Empresária Limitada;20.13-4-02;21.10-6-00;20.51-7-00;46.83-4-00;20.13-4-01;;;;;;;;;;;;;;;;;;;;;;;;;;;;;;;;;;;;;;;;;;;;;;;;;;;;;;;;;;;;;;;;;;;;;;;;;;;;;;;;;;;;;;;;;;;;;;;
20.175.462/0001-57;24/03/2014;ATIVA;MATRIZ;CONDOMINIO DO SHOPPING GRAVATAI;DEMAIS;RS;0.00;OK;308-5 - Condomínio Edilício;81.12-5-00;00.00-0-00;;;;;;;;;;;;;;;;;;;;;;;;;;;;;;;;;;;;;;;;;;;;;;;;;;;;;;;;;;;;;;;;;;;;;;;;;;;;;;;;;;;;;;;;;;;;;;;;;;
41.844.106/0002-30;05/04/2021;ATIVA;FILIAL;CONDOMINIO HELBOR PATTEO BOSQUE MAIA;DEMAIS;SP;0.00;OK;308-5 - Condomínio Edilício;81.12-5-00;00.00-0-00;;;;;;;;;;;;;;;;;;;;;;;;;;;;;;;;;;;;;;;;;;;;;;;;;;;;;;;;;;;;;;;;;;;;;;;;;;;;;;;;;;;;;;;;;;;;;;;;;;
30.549.430/0001-28;30/04/1986;ATIVA;MATRIZ;MARCEL MARMORE COMERCIO E EXPORTACAO LTDA;DEMAIS;ES;6000000.00;OK;206-2 - Sociedade Empresária Limitada;23.91-5-03;46.79-6-02;;;;;;;;;;;;;;;;;;;;;;;;;;;;;;;;;;;;;;;;;;;;;;;;;;;;;;;;;;;;;;;;;;;;;;;;;;;;;;;;;;;;;;;;;;;;;;;;;;
09.014.480/0001-14;27/07/2007;ATIVA;MATRIZ;MINI MERCADO HORTISABOR LTDA;DEMAIS;SP;500000.00;OK;206-2 - Sociedade Empresária Limitada;47.11-3-02;46.34-6-01;46.35-4-99;46.37-1-99;46.39-7-01;47.12-1-00;47.22-9-01;49.30-2-01;49.30-2-02;56.11-2-01;;;;;;;;;;;;;;;;;;;;;;;;;;;;;;;;;;;;;;;;;;;;;;;;;;;;;;;;;;;;;;;;;;;;;;;;;;;;;;;;;;;;;;;;;;
21.350.645/0001-24;05/06/2014;ATIVA;MATRIZ;CONDOMINIO SOROCABA BUSINESS PARK;DEMAIS;SP;0.00;OK;308-5 - Condomínio Edilício;81.12-5-00;00.00-0-00;;;;;;;;;;;;;;;;;;;;;;;;;;;;;;;;;;;;;;;;;;;;;;;;;;;;;;;;;;;;;;;;;;;;;;;;;;;;;;;;;;;;;;;;;;;;;;;;;;
01.742.802/0001-30;03/04/1997;ATIVA;MATRIZ;CONJUNTO COMERCIAL SILVIO ROMERO PLAZA;DEMAIS;SP;0.00;OK;308-5 - Condomínio Edilício;81.12-5-00;00.00-0-00;;;;;;;;;;;;;;;;;;;;;;;;;;;;;;;;;;;;;;;;;;;;;;;;;;;;;;;;;;;;;;;;;;;;;;;;;;;;;;;;;;;;;;;;;;;;;;;;;;
